candidate,layer,sources,benchmark_results,compute_and_cost,implementation_health,strengths,weaknesses,confidence_status,website_assistant_applicability,external_evidence_closes_decision,disposition
"Explicit semantic/data-attribute allowlist","extraction","public/assistant-widget.js; app/storefront.tsx; tests/rendered-html.test.mjs","Current production-build fixture proves bounded selected context; no diverse-page quality result","Browser-local, negligible","Implemented at fd41ec4","High precision on owner-controlled pages; transparent","Requires markup contract and mutation fallback","established","Default controlled-site path","yes for current fixture only","retain control"
"Raw innerText/textContent","extraction","public/assistant-widget.js; https://arxiv.org/abs/2605.21097","Meaningful baseline; WCXB shows extraction quality varies by page type","Negligible","Native browser primitive","Zero dependency; maximum recall","Navigation, cookie, duplicate and hidden noise; truncation can discard answer","established","Mandatory lower baseline","yes as control, no as winner","retain benchmark only"
"Mozilla Readability","extraction","https://github.com/mozilla/readability; https://arxiv.org/abs/2605.21097","WCXB dev overall F1 reported 0.675 and much lower on product/service/collection than articles","Low CPU in browser/server","Pin ab4027a; active; #1019-#1021 show omitted content/site failures","Small JS integration; article focus; preserves selected markup","Can delete short/product/service sections and transcripts","established","Article/blog profile, not universal default","yes for page-type boundary","controlled candidate"
"Trafilatura / rs-trafilatura","extraction","https://github.com/adbar/trafilatura; https://arxiv.org/abs/2605.21097","WCXB reports stronger broad extraction than Readability; page-type gaps remain","CPU; Python/Rust sidecar or separate runtime","Pin c1bc953; active; #896 short Markdown structure loss; #849 duplicated code","Strong public broad-page control and metadata/structure options","Cross-runtime burden in TypeScript app; still lossy","provisional","Offline benchmark/control or service-side extraction","no","compare before integration"
"HtmlRAG cleaned/pruned HTML","structure/context","https://arxiv.org/abs/2411.02959; https://github.com/plageon/HtmlRAG","Published improvements over plain text on six QA datasets","Cleaning plus embedding/model-based block pruning; token cost","Pin 93de4a6; last code June 2025; #19 run failure; no releases recorded","Preserves headings/tables and query-relevant DOM structure","Research stack; neural pruning can delete evidence; integration mismatch","provisional","Long/noisy structured pages after deterministic blocks","no","refit algorithm only after W1"
"Static HTML fetch","acquisition","https://link.springer.com/article/10.1007/s00607-026-01666-5","Fast control; systematic review records fragility on JavaScript-heavy pages","Lowest latency/network/compute","Web platform primitive","Simple, cacheable, reduced attack surface","Empty application shells and post-load mutations","established","Server-side static-first profile","yes","retain control"
"Playwright rendered browser","acquisition","https://github.com/microsoft/playwright; https://arxiv.org/abs/2603.13773","LiveWeb-IE motivates live/rendered evaluation; no universal render-everything result","Browser startup/RAM/network and longer latency","Pin d5d5b0f; active; Windows close hang #42109","Executes SPAs and observes post-load DOM","Resource, nondeterminism, popups/consent, network security","established family","Fallback when static/host DOM is insufficient","yes for routing need; no for threshold","specialized candidate"
"Accessibility tree","representation","https://aclanthology.org/2026.acl-srw.50/; https://aclanthology.org/2025.emnlp-demos.55/","A11y compression reports token reduction and task gains; injection demos exploit parsed accessibility content","Browser extraction; lower tokens than full DOM","Available through browser tooling; no local adapter","Roles/names/state; interaction semantics","Bad/missing ARIA; loses visual-only evidence; still untrusted","provisional","Forms/dynamic state, not ordinary FAQ default","no","later specialized profile"
"Screenshot/visual grounding","representation","https://aclanthology.org/2025.emnlp-main.1276/; https://arxiv.org/abs/2603.13773","WebMMU finds basic extraction stronger than complex grounding/reasoning; LiveWeb-IE proposes visual grounding","Vision-model and screenshot cost/latency","Playwright capture mature; model implementation/provider unresolved","Recovers layout/image-only visible facts","Brittle grounding, higher cost, visual prompt injection","provisional","Only layout/visual evidence absent from semantic DOM","no","defer"
"Section-level current-page index","scope/retrieval","https://arxiv.org/abs/2411.02959; app/lib/retrieval.ts","Structure-aware evidence supports blocks over one flat truncation; no local result","Low CPU/local embedding depending profile","Can reuse Atlas source/chunk contract","Preserves heading provenance and answer-bearing later sections","Needs stable block IDs and budget policy","provisional","First expansion beyond 6,000 flat characters","no","first controlled candidate"
"Crawlee sitemap/site crawl plus Atlas retrieval","scope/acquisition","https://github.com/apify/crawlee; https://crawlee.dev/js/docs/3.15/examples/crawl-sitemap; app/lib/retrieval.ts","Established crawler/retrieval composition; exact site QA winner remains client-specific","Network, storage, crawl/render and index cost","Crawlee pin 2de4841 active; #3961 lock extension and #3946 v4 export defects","Avoids custom crawl queue; reuses Atlas retrieval/citations","Crawl scope, auth, duplication, freshness and SSRF constraints","provisional","Multi-page site profile","no","reuse components, do not build from scratch"
"Hyperlink/DOM/entity graph retrieval","scope/retrieval","https://arxiv.org/abs/2607.08269","PolyUQuest reports site-specific gains on cross-page/structural queries","Graph construction/entity and query cost","Recent research/demo; maintained production dependency not selected","Traceable cross-page/multi-hop paths","Single-site author evidence; complexity and update burden","provisional","Only multi-hop/topology questions vs flat Atlas control","no","later specialized experiment"
"Content hash/version and change invalidation","freshness","https://aclanthology.org/2025.acl-long.301/; https://aclanthology.org/2025.findings-acl.1380/","HoH reports outdated evidence degrades answers even with current evidence present","Hash/diff/crawl scheduling and reindex cost","Standard primitives; no selected end-to-end library","Auditable answer version and stale threshold","Dynamic widgets/personalization can create noisy changes","established need","Every indexed multi-page source","yes for need; no for refresh policy","design invariant"
"Direct multilingual vs translate-test","language","https://aclanthology.org/2025.findings-naacl.141/; https://aclanthology.org/2025.emnlp-main.1276/","Non-English gaps persist; Indic-QA reports translate-test can win in low-resource settings","Translation adds calls/latency and possible entity drift","Provider/model dependent; no local EN/LT result","Selectable path for low-resource language support","Public languages do not establish Lithuanian site quality","provisional","Separate EN/LT strata","no","controlled candidate"
"DOMPurify sanitizer","security/XSS","https://github.com/cure53/DOMPurify","Mature markup sanitization; not a semantic prompt-injection benchmark","Low CPU","Pin 1c29e65; active; one open issue","Prevents unsafe markup entering rendered output","Does not stop valid-text instructions or content poisoning","established for XSS boundary","Sanitize any rendered external HTML; not agent defense","yes for narrow XSS role","reuse if HTML is rendered"
"Data separation + least privilege + task/output checks","security","https://aclanthology.org/2025.acl-long.1435/; https://aclanthology.org/2025.emnlp-main.104/","Task Shield reports low ASR/high utility in one AgentDojo setting; web attacks remain effective","Extra checks/model calls depending defense","Research patterns; no local implementation","Addresses semantic instruction authority and blast radius","Model/task dependent, false refusals, no perfect prevention","provisional","All untrusted page profiles","no","W2 comparison"
"Deep Chat 2.5.0","embed/UI","docs/FOUNDATION_COMPARISON.md; https://github.com/OvidijusParsiunas/deep-chat","Local build/render/stream behavior tested; no quality implication","Browser bundle only","Current project pin 83172c5; upstream head 4861419; #509 streaming parallel-tool loop","Adopted mature chat surface, avoids custom UI logic","Upstream streaming edge cases; not extraction/retrieval/security","established","UI only","yes","retain adopted component"
"Atlas hybrid retrieval contract","retrieval/generation","app/lib/retrieval.ts; tests/retrieval.test.ts","Contract tests prove stream/proxy/retraction; no multi-page quality benchmark","Atlas-dependent compute/provider","Existing optional adapter; Atlas dossier separately governs retrieval","Reuses citations, ACL/source shapes and retrieval profiles","Deployment/auth/tenant and corpus quality unproven here","established contract; unknown quality","Multi-page profile after corpus/index work","no","retain integration seam"
